identifier,tm_arrival,tm_service1,tm_service2,tm_arrival_queue1,tm_start_service1,tm_end_service1,tm_arrival_queue2,tm_start_service2,tm_end_service2
1, 0.100000, 1.000000, 2.000000, 0.100000, 0.100000, 1.100000, 1.100000, 4.300000, 6.300000
2, 0.800000, 1.200000, 1.000000, 0.800000, 1.100000, 2.300000, 2.300000, 6.300000, 7.300000
3, 1.300000, 0.900000, 1.000000, 1.300000, 2.300000, 3.200000, 3.200000, 7.300000, 8.300000
4, 1.800000, 1.100000, 1.000000, 1.800000, 3.200000, 4.300000, 4.300000, 8.300000, 9.300000
