identifier,tm_arrival,tm_service1,tm_service2,tm_arrival_queue1,tm_start_service1,tm_end_service1,tm_arrival_queue2,tm_start_service2,tm_end_service2
1, 0.100000, 1.000000, 2.000000, 0.100000, 0.100000, 1.100000, 1.100000, 1.100000, 6.300000
2, 1.300000, 1.200000, 1.000000, 1.300000, 1.300000, 2.500000, 2.500000, 6.300000, 7.300000
3, 2.900000, 0.900000, 1.000000, 2.900000, 2.900000, 3.800000, 3.800000, 7.300000, 8.300000
4, 3.000000, 1.100000, 1.000000, 3.000000, 3.800000, 4.900000, 4.900000, 8.300000, 9.300000
