identifier,tm_arrival,tm_service1,tm_service2,tm_arrival_queue1,tm_start_service1,tm_end_service1,tm_arrival_queue2,tm_start_service2,tm_end_service2
1, 0.500000, 1.000000, 0.500000, 0.500000, 0.500000, 1.500000, 1.500000, 3.000000, 3.500000
2, 1.000000, 1.500000, 1.000000, 1.000000, 1.500000, 3.000000, 3.000000, 3.500000, 4.500000
3, 5.500000, 0.500000, 0.500000, 5.500000, 5.500000, 6.000000, 6.000000, 8.000000, 8.500000
4, 6.000000, 2.000000, 1.000000, 6.000000, 6.000000, 8.000000, 8.000000, 8.500000, 9.500000